Index,Moduli,Poisson Ratio
0.000000,1.940715,-0.570552
1.000000,1.976603,-0.705631
2.000000,2.730497,-0.671896
3.000000,0.646721,-0.615042
4.000000,1.023032,-0.905462
5.000000,1.607951,-1.639748
6.000000,6.202028,-0.401915
7.000000,10.623480,-0.637777
8.000000,4.388888,-0.238613
9.000000,8.779155,-1.159456
